<?xml version="1.0" encoding="UTF-8"?>
<project-private xmlns="http://www.netbeans.org/ns/project-private/1">
    <editor-bookmarks xmlns="http://www.netbeans.org/ns/editor-bookmarks/2" lastBookmarkId="0"/>
    <open-files xmlns="http://www.netbeans.org/ns/projectui-open-files/2">
        <group>
            <file>file:/C:/Users/sheyr/OneDrive/Documentos/NetBeansProjects/Proyecto2.1/src/proyecto2/pkg1/Menu.java</file>
            <file>file:/C:/Users/sheyr/OneDrive/Documentos/NetBeansProjects/Proyecto2.1/src/proyecto2/pkg1/Salas.java</file>
            <file>file:/C:/Users/sheyr/OneDrive/Documentos/NetBeansProjects/Proyecto2.1/src/proyecto2/pkg1/Cubiculo.java</file>
            <file>file:/C:/Users/sheyr/OneDrive/Documentos/NetBeansProjects/Proyecto2.1/src/proyecto2/pkg1/Lvs.java</file>
            <file>file:/C:/Users/sheyr/OneDrive/Documentos/NetBeansProjects/Proyecto2.1/src/proyecto2/pkg1/Lv3.java</file>
            <file>file:/C:/Users/sheyr/OneDrive/Documentos/NetBeansProjects/Proyecto2.1/src/proyecto2/pkg1/Lv2.java</file>
            <file>file:/C:/Users/sheyr/OneDrive/Documentos/NetBeansProjects/Proyecto2.1/src/proyecto2/pkg1/Empleos.java</file>
        </group>
    </open-files>
</project-private>
